Latitude,Longitude,Elevation (metres),Distance (KMs),Gradient
33.76198,-118.22377,5.5,0,
33.76206,-118.22385,5.6,0.012,
33.76214,-118.22396,5.6,0.025,
33.76221,-118.22407,5.5,0.038,
33.76227,-118.22418,5.4,0.05,
33.76232,-118.22432,5.3,0.064,
33.76235,-118.22443,5.2,0.075,0
33.76237,-118.22452,5.2,0.084,0
33.76239,-118.22462,5.1,0.093,0
33.7624,-118.22474,5,0.104,0
33.7624,-118.22482,4.9,0.112,-1
33.7624,-118.22496,4.8,0.125,-1
33.76237,-118.22515,4.7,0.142,-1
33.76234,-118.22542,4.5,0.168,-1
33.7623,-118.22568,4.3,0.192,-1
33.76228,-118.2258,4.2,0.203,-1
33.76225,-118.22591,4.2,0.214,-1
33.7622,-118.22607,4,0.23,-1
33.76211,-118.22634,3.8,0.257,-1
33.76197,-118.22673,3.7,0.296,-1
33.76167,-118.22756,3.9,0.38,0
33.76137,-118.22839,3,0.464,0
33.76138,-118.22844,2.9,0.469,0
33.76138,-118.22848,2.9,0.472,0
33.76138,-118.22852,2.9,0.476,0
33.76132,-118.22871,2.6,0.495,-1
33.76123,-118.22895,2.4,0.519,-1
33.76118,-118.22909,2.5,0.533,-1
33.76113,-118.22919,2.5,0.544,-1
33.76107,-118.22928,2.6,0.555,-1
33.76101,-118.22935,2.6,0.564,0
33.7609,-118.22949,2.7,0.582,0
33.76071,-118.22971,2.9,0.611,0
33.76047,-118.22998,3.2,0.648,1
33.76036,-118.23011,3.4,0.665,1
33.7603,-118.23021,3.5,0.676,1
33.76025,-118.23029,3.7,0.686,1
33.76022,-118.23038,3.7,0.695,1
33.76019,-118.23046,3.8,0.703,1
33.76018,-118.23054,3.9,0.71,1
33.76018,-118.23058,3.9,0.714,1
33.76018,-118.23063,4,0.719,1
33.76018,-118.23067,4,0.722,1
33.76019,-118.2307,4,0.725,1
33.7602,-118.23074,4.1,0.729,1
33.76022,-118.23078,4.1,0.733,1
33.76026,-118.23084,4.2,0.741,1
33.76029,-118.23087,4.2,0.745,1
33.76031,-118.23088,4.2,0.747,1
33.76034,-118.2309,4.1,0.751,1
33.76036,-118.23092,4.2,0.754,1
33.76039,-118.23093,4.2,0.757,1
33.76043,-118.23093,4.2,0.762,1
33.76046,-118.23094,4.2,0.765,1
33.76049,-118.23094,4.2,0.769,1
33.76051,-118.23093,4.1,0.771,1
33.76054,-118.23093,4.1,0.774,1
33.76056,-118.23092,4.1,0.777,1
33.76059,-118.23091,4.1,0.78,1
33.76061,-118.23089,4.1,0.783,1
33.76064,-118.23087,4.2,0.787,0
33.76066,-118.23085,4.2,0.79,0
33.76069,-118.23083,4.3,0.794,1
33.76071,-118.23079,4.3,0.798,1
33.76073,-118.23076,4.4,0.802,1
33.76075,-118.23073,4.5,0.805,1
33.76102,-118.23,7.2,0.879,3
33.76129,-118.22926,3.5,0.954,-1
33.76132,-118.22923,3.3,0.958,-1
33.76137,-118.22917,3.2,0.966,-1
33.76142,-118.229,3.2,0.983,-4
33.76143,-118.22897,3.2,0.986,-4
33.76147,-118.22883,3,1,-4
33.76149,-118.22875,3.1,1.007,-3
33.76157,-118.22854,3.2,1.029,-3
33.76163,-118.22841,3.4,1.042,-2
33.76167,-118.22832,3.4,1.052,-2
33.76172,-118.22821,3.6,1.063,0
33.76206,-118.22738,3.4,1.149,0
33.7622,-118.22704,4,1.184,0
33.76234,-118.2267,4,1.219,0
33.76253,-118.22622,4.3,1.268,1
33.76264,-118.22596,4.1,1.295,0
33.76268,-118.22585,4,1.307,0
33.76268,-118.22584,4,1.308,0
33.76269,-118.22582,4,1.31,0
33.76273,-118.22572,4.1,1.32,0
33.76283,-118.22547,4.2,1.346,0
33.76301,-118.22502,4,1.392,0
33.76306,-118.22488,4.2,1.406,0
33.76308,-118.22483,4.2,1.411,0
33.7631,-118.22476,4.2,1.418,0
33.7631,-118.22475,4.2,1.419,0
33.7632,-118.22449,3.8,1.445,0
33.763545,-118.223605,3.6,1.536,-1
33.76389,-118.22272,3.2,1.626,0
33.764125,-118.22211,2.7,1.688,-1
33.76436,-118.2215,1.7,1.751,-1
33.76459,-118.220885,1.7,1.813,-1
33.76482,-118.22027,4.6,1.876,2
33.76494,-118.21993,6,1.91,3
33.76495,-118.2199,5.8,1.913,3
33.76496,-118.21989,5.8,1.914,4
33.76496,-118.21988,5.8,1.915,4
33.76505,-118.21964,5.7,1.939,3
33.76511,-118.21946,5.2,1.957,2
33.76518,-118.21929,5,1.975,2
33.76548,-118.21846,4.1,2.059,-1
33.76572,-118.21782,4.4,2.124,0
33.76582,-118.21753,4.6,2.153,0
33.76589,-118.21731,4.8,2.175,1
33.76596,-118.21709,5.3,2.196,1
33.76601,-118.21691,5.2,2.214,1
33.76607,-118.21668,5.2,2.236,1
33.76609,-118.21658,5.2,2.246,1
33.76611,-118.21651,5.2,2.253,1
33.76618,-118.21618,5.2,2.284,0
33.76623,-118.21589,5.6,2.311,0
33.76629,-118.21555,5.8,2.344,1
33.76633,-118.21531,6,2.366,1
33.76638,-118.21479,6.2,2.415,1
33.76644,-118.21431,6.6,2.46,1
33.76646,-118.21403,12,2.486,5
33.7665,-118.2133,11.2,2.553,4
33.76643,-118.21303,9.6,2.58,3
33.76641,-118.21271,8.3,2.609,-3
33.76642,-118.21218,8,2.658,-3
33.76646,-118.21143,7.3,2.728,-1
33.76655,-118.21043,7.5,2.821,0
33.76661,-118.20967,6.4,2.892,-1
33.76662,-118.20949,6.4,2.908,-1
33.76672,-118.2095,6.3,2.919,-1
33.76684,-118.20952,6.3,2.933,-1
33.76688,-118.20952,6.3,2.937,-1
33.7669,-118.20952,6.3,2.94,-1
33.76696,-118.20953,6.2,2.946,-1
33.76697,-118.20953,6.2,2.947,-1
33.7671,-118.20955,6.1,2.962,-1
33.76715,-118.20956,6.1,2.968,-1
33.76728,-118.20957,6.2,2.982,-1
33.7674,-118.20958,6.2,2.996,0
33.76744,-118.20958,6.1,3,0
33.76743,-118.20973,6.2,3.014,0
33.76743,-118.21,7.6,3.039,1
33.76743,-118.21045,7.7,3.081,1
33.76742,-118.21087,7.1,3.119,1
33.7674,-118.21162,7.1,3.189,-1
33.76738,-118.21179,7.1,3.205,-1
33.76734,-118.21192,7.2,3.218,0
33.76728,-118.21218,7.7,3.243,0
33.76724,-118.2124,7.1,3.263,0
33.76713,-118.21261,7.2,3.286,0
33.76702,-118.21279,7.3,3.307,0
33.76694,-118.21293,7.2,3.323,0
33.76685,-118.21304,8.4,3.337,1
33.76678,-118.21316,9.8,3.351,2
33.7667,-118.2133,11,3.366,4
33.76666,-118.21345,11.8,3.381,4
33.7666,-118.21366,13.1,3.402,5
33.76657,-118.21379,13.9,3.414,6
33.76654,-118.2143,6.7,3.461,-3
33.76646,-118.21492,6.4,3.519,-7
33.76639,-118.21544,6,3.568,-1
33.76635,-118.21573,5.7,3.595,-1
33.7663,-118.21602,5.3,3.623,-1
33.76626,-118.21624,5.2,3.644,-1
33.76619,-118.21655,5.2,3.673,-1
33.76618,-118.2166,5.3,3.678,-1
33.76617,-118.2166,5.3,3.679,-1
33.76614,-118.21674,5.2,3.693,-1
33.76607,-118.21702,5.1,3.72,-1
33.76596,-118.21738,4.7,3.755,0
33.76588,-118.21764,4.6,3.781,-1
33.76577,-118.21794,4.4,3.811,-1
33.76557,-118.21848,4.1,3.866,-1
33.76535,-118.21908,4.3,3.927,0
33.76513,-118.21968,5.8,3.987,1
33.76505,-118.21989,5.7,4.009,1
33.76505,-118.2199,5.7,4.009,1
33.76503,-118.21995,5.9,4.015,1
33.76489,-118.22033,4,4.053,0
33.76466,-118.22095,1.8,4.116,-4
33.76443,-118.22157,1.8,4.179,-2
33.76423,-118.222085,2.9,4.231,1
33.76403,-118.2226,2.9,4.284,1
33.76397,-118.22276,2.4,4.3,0
33.76371,-118.22342,3.6,4.368,1
33.76349,-118.22399,4.5,4.426,2
33.76327,-118.22456,4.1,4.484,0
33.76316,-118.22486,4.4,4.514,1
33.76315,-118.2249,4.4,4.518,0
33.7631,-118.22504,3.9,4.532,-1
33.76308,-118.22511,3.9,4.539,-1
33.76306,-118.22515,4,4.544,0
33.76293,-118.22549,4.3,4.578,0
33.76281,-118.22579,4.2,4.609,0
33.76279,-118.22584,4.2,4.614,0
33.76277,-118.22588,4.1,4.618,0
33.76277,-118.22589,4,4.619,0
33.76276,-118.22591,4,4.622,0
33.76271,-118.22603,3.8,4.634,0
33.76241,-118.22678,4.5,4.711,0
33.76228,-118.22711,4.1,4.745,0
33.76216,-118.22743,3.3,4.777,0
33.76194,-118.227915,3.8,4.828,-1
33.76172,-118.2284,3.7,4.88,0
33.76155,-118.22893,3.2,4.932,-1
33.76154,-118.22895,3.2,4.934,-1
33.76144,-118.22931,3.3,4.969,0
33.76136,-118.22956,7.9,4.994,4
33.76118,-118.230115,7.2,5.049,4
33.761,-118.23067,5.4,5.104,-2
33.760693,-118.231595,3.3,5.197,-3
33.760385,-118.23252,2.8,5.289,-1
33.760078,-118.233445,3.1,5.381,0
33.75977,-118.23437,3,5.473,0
33.759595,-118.23491,3.2,5.527,0
33.75942,-118.23545,3.3,5.581,0
33.759143,-118.236393,3.3,5.673,0
33.758867,-118.237337,2.9,5.766,0
33.75859,-118.23828,2.7,5.858,0
33.75851,-118.23855,3,5.885,0
33.75843,-118.23881,2.5,5.91,0
33.75821,-118.239565,2.4,5.985,0
33.75799,-118.24032,2.6,6.059,0
33.75793,-118.24052,2.9,6.078,0
33.75792,-118.24055,2.8,6.081,0
33.75791,-118.24061,2.8,6.087,0
33.75788,-118.24069,2.8,6.095,0
33.75788,-118.2407,2.8,6.096,0
33.75782,-118.24089,2.8,6.115,0
33.7576,-118.241647,2.4,6.189,0
33.75738,-118.242403,2.4,6.263,0
33.75716,-118.24316,3.9,6.337,1
33.75705,-118.24353,2.8,6.374,0
33.75695,-118.24384,3.2,6.404,1
33.75691,-118.24398,3.5,6.418,1
33.7569,-118.24406,3.6,6.426,1
33.75688,-118.24415,3.8,6.434,1
33.75663,-118.2449,5.9,6.509,3
33.75632,-118.24578,3.9,6.598,0
33.756037,-118.246517,4,6.673,-1
33.755753,-118.247253,4.2,6.748,0
33.75547,-118.24799,4.3,6.823,0
33.75536,-118.2483,4,6.854,0
33.75525,-118.24862,4,6.886,0
33.75523,-118.24865,4.4,6.89,0
33.75516,-118.24884,13.8,6.909,6
33.75513,-118.24893,13.8,6.918,6
33.75504,-118.24916,13.8,6.941,8
33.75494,-118.24944,13.5,6.97,8
33.75483,-118.24975,12.2,7.001,7
33.75459,-118.25039,5,7.066,-7
33.754325,-118.25107,4.2,7.135,-6
33.75406,-118.25175,4.3,7.205,-1
33.75401,-118.25189,4.6,7.219,0
33.75392,-118.25212,5.2,7.242,1
33.75392,-118.25213,5.2,7.243,1
33.75373,-118.25264,4.8,7.295,0
33.75362,-118.25292,9.4,7.324,5
33.75349,-118.25325,12,7.358,6
33.75339,-118.2535,12,7.383,5
33.75331,-118.2537,9.7,7.404,4
33.75324,-118.25386,10,7.42,4
33.75314,-118.25408,9.5,7.444,0
33.75301,-118.25436,9.2,7.473,-2
33.75295,-118.25447,8.9,7.486,-3
33.75293,-118.2545,9,7.489,-3
33.75282,-118.25474,7.1,7.514,-2
33.75277,-118.25483,7.5,7.525,-2
33.75273,-118.25491,8.1,7.533,-2
33.75268,-118.255,7.9,7.543,-2
33.75263,-118.2551,7.6,7.554,-2
33.75243,-118.25548,6.4,7.596,-2
33.75224,-118.25584,5.3,7.635,-3
33.75201,-118.25627,4.2,7.682,-3
33.75186,-118.25655,3.8,7.713,-2
33.75171,-118.25683,3.7,7.744,-1
33.75168,-118.2569,3.8,7.751,-1
33.75155,-118.25713,4,7.777,-1
33.75137,-118.25748,4.3,7.815,0
33.75125,-118.25771,4.5,7.84,1
33.75114,-118.25794,4.7,7.865,1
33.75107,-118.25808,4.8,7.88,1
33.75087,-118.25851,5.1,7.926,1
33.75076,-118.25878,5.2,7.953,1
33.75059,-118.25918,5.1,7.995,0
33.75056,-118.25925,5,8.002,0
33.75041,-118.2596,4.9,8.039,0
33.75034,-118.25977,5.1,8.056,0
33.75018,-118.26017,6.1,8.097,1
33.75011,-118.26034,6.8,8.115,2
33.75002,-118.26056,7.8,8.138,2
33.74971,-118.26131,12.5,8.215,6
33.74944,-118.26197,10.2,8.283,2
33.74923,-118.26249,3.5,8.337,-7
33.74913,-118.26274,3.6,8.362,-6
33.74907,-118.26289,3.7,8.378,-5
33.74902,-118.26303,3.7,8.392,-6
33.749,-118.2631,3.8,8.399,-6
33.74898,-118.26315,3.7,8.404,-5
33.74897,-118.26319,3.7,8.408,-5
33.74897,-118.2632,3.7,8.409,-5
33.74893,-118.26333,4.1,8.422,-4
33.74886,-118.26356,4.2,8.444,1
33.74881,-118.2638,4.3,8.467,1
33.74876,-118.26402,4.2,8.488,0
33.74873,-118.26421,4.2,8.506,0
33.7487,-118.2644,4.2,8.524,0
33.74868,-118.26458,4.2,8.541,0
33.74866,-118.26474,4.3,8.556,0
33.74865,-118.26492,4.1,8.572,0
33.74864,-118.26509,4.2,8.588,0
33.74864,-118.26529,3.6,8.607,-1
33.74864,-118.26544,3.9,8.621,0
33.74865,-118.26566,3.6,8.641,-1
33.74868,-118.2661,3.3,8.682,-1
33.74869,-118.26622,3.3,8.693,-1
33.74873,-118.26646,3.2,8.716,0
33.74886,-118.267367,3.4,8.801,0
33.74899,-118.268273,3.8,8.886,0
33.74912,-118.26918,4.5,8.971,1
33.74925,-118.270045,1.7,9.053,-1
33.74938,-118.27091,1.8,9.134,-2
33.7495,-118.27171,1.6,9.209,0
33.74962,-118.27251,1.7,9.284,0
33.74974,-118.27331,1.7,9.36,0
33.749825,-118.273845,3,9.41,1
33.74991,-118.27438,3.8,9.46,2
33.74997,-118.27477,3.7,9.497,1
33.750085,-118.275415,3.6,9.558,0
33.7502,-118.27606,3.9,9.619,0
33.75025,-118.27643,4,9.654,0
33.75028,-118.27663,4,9.673,0
33.75029,-118.27691,4,9.699,0
33.7503,-118.2772,4.1,9.726,0
33.75031,-118.27747,4.1,9.751,0
33.75031,-118.27763,4.2,9.765,0
33.7503,-118.27778,4.5,9.779,1
33.75029,-118.27794,4.2,9.794,0
33.75027,-118.27826,4.2,9.824,0
33.75022,-118.27854,4.2,9.85,0
33.75017,-118.27885,4.1,9.88,0
33.75003,-118.2794,3.9,9.933,0
33.749855,-118.28012,4.3,10.002,0
33.74968,-118.28084,4.1,10.072,0
33.74961,-118.28108,4.3,10.095,0
33.74954,-118.28132,11.5,10.119,6
33.74937,-118.28204,13.4,10.188,8
33.749225,-118.28263,13.1,10.245,1
33.74908,-118.28322,10.5,10.302,-3
33.74904,-118.28338,8.5,10.317,-4
33.74904,-118.2834,8.8,10.319,-3
33.74898,-118.28359,14.1,10.338,0
33.74894,-118.28378,15.2,10.356,2
33.74888,-118.28404,16,10.381,2
33.74884,-118.28429,16.7,10.405,6
33.74882,-118.28444,17.1,10.419,8
33.7488,-118.28457,17.5,10.431,8
33.74876,-118.285,18.7,10.471,3
33.74875,-118.28515,19,10.485,3
33.74874,-118.28531,19.5,10.5,3
33.74874,-118.28562,20.4,10.529,3
33.74874,-118.28579,20.9,10.544,3
33.74874,-118.28591,21.3,10.556,3
33.74875,-118.28608,21.8,10.571,3
33.74879,-118.28656,23.3,10.616,3
33.74885,-118.28736,26.1,10.69,4
33.74889,-118.28741,26.2,10.697,4
33.7489,-118.28743,26.2,10.699,3
33.74891,-118.28746,26.4,10.702,4
33.74894,-118.28766,19.5,10.721,-4
33.749,-118.28813,28.5,10.765,4
33.7491,-118.28889,31.3,10.836,10
33.74911,-118.28896,31.4,10.842,10
33.74912,-118.28906,31.6,10.852,9
33.74915,-118.2892,31.8,10.865,3
33.74917,-118.28927,31.8,10.872,3
33.74918,-118.28934,32,10.879,3
33.74922,-118.28946,32,10.891,3
33.74927,-118.28959,32,10.904,2
33.74933,-118.28973,31.9,10.918,2
33.74938,-118.28983,31.8,10.929,2
33.74949,-118.29001,31.4,10.95,0
33.74955,-118.29009,31.1,10.96,0
33.7496,-118.29016,31,10.968,-1
33.74971,-118.29028,30.4,10.985,-1
33.74977,-118.29034,30.1,10.994,-2
33.74981,-118.29038,29.9,10.999,-2
33.7499,-118.29045,29.3,11.011,-3
33.75,-118.29053,28.7,11.025,-3
33.75011,-118.29059,27.8,11.038,-4
33.7502,-118.29064,27.2,11.049,-4
33.75032,-118.2907,26.5,11.064,-4
33.75038,-118.29072,26.1,11.071,-5
33.75046,-118.29074,25.6,11.08,-5
33.75054,-118.29076,25.3,11.089,-5
33.75062,-118.29078,24.9,11.098,-5
33.75069,-118.29079,24.7,11.106,-5
33.75097,-118.29083,23.8,11.137,-4
33.75119,-118.29086,23.2,11.162,-4
33.7514,-118.29089,22.6,11.185,-3
33.75166,-118.29091,21.7,11.214,-3
33.75188,-118.29094,21.1,11.239,-3
33.7519,-118.29094,21,11.241,-3
33.75191,-118.29095,21,11.243,-3
33.75196,-118.29098,20.8,11.249,-3
33.75264,-118.29102,18.7,11.325,-3
33.75301,-118.29104,17.6,11.366,-3
33.75344,-118.29106,11.5,11.414,-6
33.75374,-118.29107,3.4,11.447,-12
33.75405,-118.29108,3.8,11.482,-12
33.75434,-118.29108,3.7,11.514,-8
33.75455,-118.29107,3.7,11.537,-6
33.7546,-118.29107,3.8,11.543,-6
33.75465,-118.29106,4,11.549,1
33.75484,-118.29105,4,11.57,0
33.75528,-118.29098,11.2,11.619,7
33.7555,-118.29095,10.8,11.644,7
33.7557,-118.2909,10.5,11.667,6
33.75609,-118.29081,10.2,11.711,4
33.75645,-118.2907,10.4,11.752,0
33.75665,-118.29064,10.7,11.775,0
33.75682,-118.29057,10.9,11.795,0
33.75709,-118.29046,11.7,11.827,1
33.75734,-118.29035,12.5,11.856,2
33.75765,-118.2902,13.7,11.894,3
33.75794,-118.29004,14.8,11.929,3
33.75821,-118.28987,15.8,11.963,3
33.75844,-118.28973,16.6,11.992,3
33.75869,-118.28955,17.4,12.024,3
33.75894,-118.28936,18.2,12.057,3
33.75924,-118.28912,18.9,12.097,2
33.75941,-118.28896,19.2,12.121,2
33.75952,-118.28886,19.4,12.137,2
33.75974,-118.28865,19.8,12.168,1
33.7598,-118.28857,19.8,12.178,1
33.75997,-118.28839,20.1,12.203,1
33.76009,-118.28826,20.3,12.221,1
33.76029,-118.28803,20.7,12.252,1
33.76052,-118.28777,21.1,12.287,1
33.76067,-118.28757,21.4,12.312,1
33.76088,-118.28728,21.7,12.347,1
33.76113,-118.28692,22.2,12.391,1
33.76153,-118.28631,23.2,12.463,1
33.76178,-118.28595,23.8,12.506,1
33.76188,-118.28579,24,12.525,1
33.76213,-118.28542,24.6,12.569,1
33.7623,-118.28517,25,12.599,1
33.76247,-118.28495,25.3,12.627,1
33.7627,-118.28467,25.7,12.663,1
33.76292,-118.28442,26,12.697,1
33.76306,-118.28428,26.1,12.717,1
33.76325,-118.2841,26.1,12.744,1
33.76345,-118.28391,26.1,12.772,0
33.76357,-118.28381,26,12.788,0
33.76389,-118.28356,25.8,12.831,0
33.76404,-118.28346,25.7,12.85,0
33.76426,-118.28332,25.3,12.878,-1
33.76438,-118.28324,25.2,12.893,-1
33.76475,-118.28304,24.4,12.938,-1
33.76551,-118.282675,22.2,13.029,-2
33.76627,-118.28231,19.8,13.12,-3
33.76682,-118.28204,18.1,13.186,-3
33.76745,-118.28174,12.7,13.262,-5
33.767915,-118.281515,6.6,13.318,-9
33.76838,-118.28129,4.4,13.373,-7
33.76855,-118.28121,4.8,13.394,-6
33.769015,-118.280985,4.5,13.45,-2
33.76948,-118.28076,11,13.505,5
33.76961,-118.2807,10.8,13.521,5
33.76974,-118.28064,10.6,13.536,4
33.7701,-118.28046,10.5,13.58,5
33.77032,-118.28035,10.5,13.606,-1
33.77057,-118.28024,10.5,13.636,0
33.77073,-118.28017,10.6,13.655,0
33.77095,-118.28009,10.7,13.68,0
33.77107,-118.28004,10.8,13.695,0
33.7712,-118.28,10.9,13.71,0
33.77146,-118.27992,11.2,13.739,1
33.77159,-118.27989,11.3,13.754,1
33.77175,-118.27985,9,13.772,-1
33.77206,-118.27978,10.6,13.807,0
33.77221,-118.27976,12.1,13.824,1
33.77237,-118.27974,12.3,13.842,1
33.77254,-118.27972,12.5,13.861,1
33.77266,-118.27971,12.6,13.875,4
33.77282,-118.2797,12.8,13.892,3
33.77291,-118.27969,12.9,13.902,3
33.77304,-118.27969,13,13.917,2
33.7732,-118.27969,13.2,13.935,1
33.77344,-118.27969,13.5,13.961,1
33.77382,-118.27972,13.7,14.004,1
33.77399,-118.27973,13.8,14.023,1
33.7741,-118.27974,13.9,14.035,1
33.77474,-118.27979,14.6,14.107,1
33.77476,-118.2798,14.6,14.109,1
33.77483,-118.2798,14.7,14.117,1
33.775315,-118.279835,15.3,14.171,1
33.7758,-118.27987,15.8,14.225,1
33.77667,-118.27994,16.8,14.322,1
33.77731,-118.27999,17.6,14.393,1
33.77766,-118.28002,18,14.432,1
33.77806,-118.28005,18.4,14.477,1
33.77845,-118.28008,18.8,14.521,1
33.77884,-118.28011,18.4,14.564,0
33.77902,-118.28013,16.1,14.584,-2
33.77904,-118.28013,16.1,14.586,-2
33.77909,-118.28013,16.1,14.592,-2
33.77918,-118.28014,17.7,14.602,-1
33.77944,-118.28016,18.7,14.631,0
33.77977,-118.28019,18.1,14.668,0
33.77991,-118.2802,17.8,14.683,0
33.78048,-118.28026,16.2,14.747,-2
33.78108,-118.28035,14.1,14.814,-3
33.78168,-118.28044,12.4,14.882,-3
33.78227,-118.28052,11.2,14.948,-2
33.7827,-118.28058,10.7,14.996,-1
33.78292,-118.28061,10.6,15.021,-1
33.78315,-118.28065,10.6,15.047,-1
33.7833,-118.28067,10.7,15.063,0
33.78331,-118.28067,10.7,15.064,0
33.78368,-118.28072,10.9,15.106,0
33.78432,-118.28081,12,15.178,1
33.78502,-118.280915,13.7,15.256,2
33.78572,-118.28102,14.9,15.335,2
33.78601,-118.28107,15.2,15.367,1
33.78618,-118.2811,15.3,15.386,1
33.78663,-118.28117,15.3,15.437,0
33.787293,-118.28127,15.1,15.511,0
33.787957,-118.28137,14.9,15.586,0
33.78862,-118.28147,14.9,15.66,0
33.78889,-118.28152,14.9,15.691,0
33.78912,-118.28156,14.9,15.716,0
33.78935,-118.2816,14.9,15.742,0
33.78957,-118.28165,14.8,15.767,0
33.78982,-118.28171,14.7,15.796,0
33.78996,-118.28175,14.7,15.812,0
33.79014,-118.28181,14.6,15.832,0
33.79027,-118.28185,13.9,15.847,-1
33.79042,-118.2819,9.8,15.865,-4
33.79058,-118.28196,7.4,15.883,-6
33.79068,-118.28199,10.1,15.895,-4
33.79074,-118.28202,11.8,15.902,-3
33.79079,-118.28204,13.1,15.908,-1
33.79089,-118.28207,14.2,15.919,0
33.79106,-118.28214,14.2,15.939,0
33.79123,-118.28222,14.1,15.96,0
33.79147,-118.28232,13.9,15.988,6
33.79159,-118.28238,13.8,16.003,2
33.79179,-118.28247,13.6,16.026,-1
33.79193,-118.28255,13.5,16.044,-1
33.79216,-118.28267,13.2,16.071,-1
33.7925,-118.28287,12.7,16.114,-1
33.79288,-118.28312,12.1,16.162,-1
33.79323,-118.28335,11.5,16.206,-1
33.79359,-118.28359,10.9,16.252,-1
33.79387,-118.28379,10.5,16.288,-1
33.79415,-118.28397,10.2,16.324,-1
33.79493,-118.28448,10.7,16.422,0
33.795495,-118.28485,11.4,16.494,1
33.79606,-118.28522,12.2,16.566,1
33.7964,-118.28544,12.7,16.609,1
33.79659,-118.2856,13,16.634,1
33.79678,-118.28575,13.2,16.66,1
33.79694,-118.28589,13.3,16.682,1
33.79705,-118.28598,13.5,16.697,1
33.79715,-118.28608,13.6,16.711,1
33.79729,-118.28623,13.6,16.732,1
33.79752,-118.28646,13.8,16.765,1
33.79781,-118.28675,9.8,16.807,-3
33.7981,-118.28705,14,16.85,0
33.79817,-118.28712,14,16.86,0
33.79835,-118.28729,13.9,16.885,0
33.79857,-118.28748,14,16.915,4
33.7987,-118.28758,14.1,16.933,3
33.79882,-118.28767,14.1,16.948,3
33.79894,-118.28777,14.1,16.965,0
33.79907,-118.28786,14.1,16.981,0
33.79915,-118.28791,14.1,16.991,0
33.79932,-118.28802,10.6,17.013,-3
33.79956,-118.28816,5.5,17.043,-8
33.7998,-118.28829,14.3,17.072,0
33.80005,-118.2884,14.2,17.101,0
33.80022,-118.28848,14.3,17.122,3
33.80037,-118.28854,14.3,17.139,3
33.80055,-118.2886,14.4,17.16,8
33.80083,-118.28869,14.7,17.192,0
33.80109,-118.28876,15,17.222,1
33.80122,-118.28879,15.2,17.237,1
33.80134,-118.28881,15.4,17.25,1
33.80153,-118.28883,15.6,17.272,1
33.80179,-118.28885,16,17.301,1
33.802,-118.28887,16.4,17.324,1
33.80223,-118.28888,16.7,17.35,1
33.80248,-118.28888,17.1,17.377,1
33.80295,-118.28884,17.8,17.43,1
33.80316,-118.28881,18.3,17.453,1
33.80317,-118.2888,18.2,17.455,1
33.80337,-118.28877,18.6,17.477,1
33.80368,-118.2887,19.1,17.512,1
33.8043,-118.28857,13.8,17.582,-5
33.80454,-118.28851,19.3,17.61,1
33.80512,-118.28838,18.8,17.675,0
33.80557,-118.28827,18,17.727,-1
33.80603,-118.28818,17.2,17.778,-2
33.806747,-118.28802,16,17.86,-2
33.807463,-118.28786,15.5,17.941,-1
33.80818,-118.2877,15.1,18.022,-1
33.80833,-118.28766,15,18.039,-1
33.80876,-118.28755,14.7,18.088,-1
33.80891,-118.28752,11,18.105,-3
33.80921,-118.28746,14,18.139,-1
33.80929,-118.28744,14.6,18.148,0
33.8096,-118.28739,14.4,18.183,0
33.80982,-118.28736,14.3,18.207,3
33.81003,-118.28733,14.2,18.231,3
33.81021,-118.28731,14.1,18.251,-1
33.81034,-118.2873,14,18.265,0
33.81044,-118.28729,13.9,18.277,-1
33.81057,-118.28728,13.9,18.291,-1
33.81067,-118.28727,13.9,18.302,0
33.81087,-118.28726,13.7,18.325,-1
33.81114,-118.28725,13.6,18.355,0
33.81128,-118.28725,13.5,18.37,0
33.81184,-118.28725,13.2,18.433,0
33.81223,-118.28725,13,18.476,0
33.81267,-118.28725,12.7,18.525,-1
33.81303,-118.28725,12.6,18.565,0
33.81343,-118.28725,12.5,18.61,0
33.81379,-118.28725,12.3,18.65,0
33.8143,-118.28725,12.3,18.706,0
33.81471,-118.28725,12.1,18.752,0
33.81517,-118.28725,11.9,18.803,0
33.81552,-118.28725,11.9,18.842,0
33.8159,-118.28725,11.7,18.884,0
33.81614,-118.28725,11.6,18.911,0
33.81649,-118.28725,11.3,18.95,0
33.8167,-118.28725,11.1,18.974,-1
33.81708,-118.28725,10.6,19.016,-1
33.81736,-118.28725,10.1,19.047,-1
33.81761,-118.28726,9.7,19.075,-1
33.81789,-118.28725,9.1,19.106,-2
33.81829,-118.28725,8.7,19.151,-1
33.81855,-118.28725,8.5,19.179,-1
33.81887,-118.28725,8.3,19.215,-1
33.81912,-118.28726,8.3,19.243,-1
33.81938,-118.28725,8.3,19.272,0
33.8196,-118.28726,8.3,19.296,0
33.82,-118.28726,8.2,19.341,0
33.82089,-118.28726,8.1,19.44,0
33.82164,-118.28726,8,19.524,0
33.82227,-118.28726,7.9,19.594,0
33.82268,-118.28726,7.9,19.639,0
33.82332,-118.28726,7.8,19.711,0
33.82398,-118.28726,7.8,19.784,0
33.82437,-118.28726,7.7,19.827,0
33.82467,-118.28726,7.7,19.861,0
33.82495,-118.28726,7.6,19.892,0
33.82525,-118.28726,7.6,19.925,0
33.82551,-118.28726,7.6,19.954,0
33.82592,-118.28726,7.5,20,0
33.82627,-118.28726,7.5,20.039,0
33.82667,-118.28726,7.4,20.083,0
33.82702,-118.28726,7.4,20.122,0
33.8274,-118.28726,7.3,20.165,0
33.82774,-118.28726,7.2,20.203,0
33.82795,-118.28726,7.2,20.226,0
33.82814,-118.28726,7.2,20.247,0
33.82846,-118.28726,7.1,20.283,0
33.82888,-118.28726,7.1,20.329,0
33.82938,-118.28726,7,20.385,0
33.82966,-118.28726,7,20.416,0
33.82979,-118.28726,7,20.431,0
33.83004,-118.28726,6.9,20.459,0
33.8302,-118.28726,6.9,20.476,0
33.83059,-118.28726,6.9,20.52,0
33.83095,-118.28726,6.9,20.56,0
33.83131,-118.28726,6.8,20.6,0
33.83211,-118.28726,6.7,20.689,0
33.83292,-118.28726,7,20.779,0
33.83371,-118.28726,7.7,20.867,1
33.83424,-118.28726,8.1,20.926,1
33.83462,-118.28726,8.4,20.968,1
33.83525,-118.28727,9,21.039,1
33.83573,-118.28727,9.3,21.092,1
33.83628,-118.28725,9.7,21.153,1
33.83662,-118.28723,10,21.191,1
33.83702,-118.28718,10.3,21.236,1
33.83732,-118.28714,10.6,21.27,1
33.83755,-118.2871,10.8,21.295,1
33.83775,-118.28706,11,21.318,1
33.83794,-118.28701,11.2,21.34,1
33.83848,-118.28688,11.9,21.401,1
33.83894,-118.28677,12.3,21.453,1
33.83943,-118.28664,12.8,21.509,1
33.84017,-118.28645,13.4,21.593,1
33.840665,-118.28633,13.8,21.649,1
33.84116,-118.28621,14.2,21.706,1
33.84165,-118.28609,14.6,21.761,1
33.84181,-118.28605,14.7,21.779,1
33.84196,-118.28601,14.7,21.797,1
33.84245,-118.28589,14.9,21.852,0
33.84294,-118.28577,14.7,21.908,0
33.843685,-118.285583,14.4,21.993,0
33.84443,-118.285395,14.3,22.077,0
33.845175,-118.285208,14.5,22.162,0
33.84592,-118.28502,14.9,22.247,0
33.84618,-118.28498,11.9,22.276,-2
33.84631,-118.28496,11.9,22.291,-2
33.8466,-118.28491,14.4,22.323,0
33.84685,-118.28488,14.1,22.351,-1
33.84696,-118.28487,13.9,22.363,-1
33.84717,-118.28485,13.5,22.387,1
33.8476,-118.28484,12.8,22.435,-1
33.84771,-118.28484,12.6,22.447,-1
33.84848,-118.28484,11.2,22.533,-2
33.84925,-118.28484,10.2,22.618,-1
33.85002,-118.28484,9.9,22.704,-1
33.8501,-118.2848,9.9,22.714,-1
33.85022,-118.28476,9.8,22.728,0
33.85043,-118.28475,9.7,22.751,0
33.8511,-118.2847,8.9,22.826,-1
33.8515,-118.28467,8.5,22.87,-1
33.85176,-118.28465,8.5,22.899,-1
33.85197,-118.28464,8.5,22.923,-1
33.85217,-118.28462,8.4,22.945,0
33.85234,-118.2846,8.4,22.964,0
33.85253,-118.28455,8.4,22.986,0
33.8527,-118.28451,8.6,23.005,0
33.8527,-118.28447,8.6,23.009,0
33.85272,-118.28445,8.7,23.012,0
33.85273,-118.28443,8.7,23.014,0
33.85275,-118.28442,8.7,23.016,0
33.85281,-118.28439,8.8,23.023,0
33.85299,-118.28429,8.9,23.046,1
33.85312,-118.28422,9,23.061,1
33.85317,-118.28419,9.1,23.068,1
33.85329,-118.28411,9.1,23.083,1
33.85339,-118.28403,9.2,23.096,1
33.85348,-118.28396,9.2,23.108,1
33.85354,-118.28391,9.2,23.116,0
33.8536,-118.28385,9.2,23.125,0
33.8537,-118.28375,9.1,23.139,0
33.8538,-118.2836,9.1,23.157,0
33.85385,-118.28351,9.1,23.167,0
33.85393,-118.28336,9.3,23.184,0
33.85397,-118.28329,9.4,23.192,0
33.854,-118.28321,9.6,23.2,0
33.85404,-118.28308,9.8,23.213,1
33.85407,-118.28295,10.1,23.225,1
33.85408,-118.28287,10.2,23.232,1
33.8541,-118.28275,10.2,23.244,1
33.85411,-118.28264,10.1,23.254,1
33.85411,-118.28254,9.6,23.263,0
33.85411,-118.28244,9,23.273,0
33.8541,-118.28236,8.6,23.28,0
33.85409,-118.28229,8.4,23.287,-1
33.85408,-118.28221,8.3,23.294,-1
33.85406,-118.28209,8.4,23.305,-1
33.85401,-118.28193,8.6,23.321,-1
33.85396,-118.28181,8.9,23.334,-1
33.85392,-118.2817,8.9,23.345,-1
33.85388,-118.28162,8.9,23.353,-1
33.85381,-118.2815,8.9,23.367,-1
33.8537,-118.28134,9,23.386,0
33.8535,-118.28106,10.1,23.42,1
33.8533,-118.28081,11.8,23.452,3
33.85327,-118.28077,11.9,23.457,3
33.85326,-118.28075,11.9,23.459,3
33.85326,-118.28072,11.8,23.462,3
33.85326,-118.28068,11.5,23.466,2
33.85325,-118.28057,10.7,23.476,2
33.85306,-118.28032,8.3,23.507,-1
33.85286,-118.28006,9.6,23.54,0
33.85254,-118.279605,10.9,23.595,0
33.85222,-118.27915,9.5,23.65,0
33.851775,-118.2785,10.9,23.728,0
33.85133,-118.27785,9.7,23.806,0
33.85092,-118.277267,8.6,23.877,-2
33.85051,-118.276683,8,23.948,-1
33.8501,-118.2761,8,24.018,0
33.84998,-118.27594,7.8,24.038,0
33.84965,-118.27541,7.7,24.099,0
33.84914,-118.27467,7.5,24.188,0
33.84863,-118.27393,7.3,24.277,0
33.84813,-118.27323,7.1,24.363,0
33.84763,-118.27253,6.8,24.448,0
33.8476,-118.27248,6.8,24.454,0
33.84721,-118.271925,6.7,24.521,0
33.84682,-118.27137,6.7,24.588,0
33.84652,-118.27099,6.9,24.636,0
33.84643,-118.27088,6.9,24.651,0
33.8461,-118.27047,7,24.704,0
33.8456,-118.26986,7,24.783,0
33.84518,-118.26935,7.3,24.849,0
33.84474,-118.26889,7.5,24.914,0
33.84419,-118.26831,7.6,24.995,0
33.843605,-118.267715,7.9,25.081,0
33.84302,-118.26712,7.8,25.166,0
33.8424,-118.26652,8.3,25.254,0
33.84188,-118.26603,8.5,25.328,0
33.84162,-118.26577,8.7,25.366,0
33.84094,-118.26508,9.6,25.465,1
33.840433,-118.264587,10.2,25.537,1
33.839927,-118.264093,10.8,25.61,1
33.83942,-118.2636,9.5,25.682,0
33.83937,-118.26355,7.3,25.689,-2
33.83936,-118.26354,6.9,25.691,-2
33.83924,-118.26342,7.9,25.708,-1
33.83923,-118.26341,8.1,25.71,-3
33.83884,-118.26302,11.8,25.766,1
33.83867,-118.26287,11.8,25.79,4
33.83828,-118.2625,11.7,25.845,3
33.837637,-118.261863,11.6,25.938,0
33.836993,-118.261227,11.5,26.03,0
33.83635,-118.26059,11.3,26.123,0
33.83606,-118.26028,11.2,26.166,0
33.83582,-118.26005,11.1,26.2,0
33.83558,-118.25982,11,26.234,0
33.83555,-118.25978,11,26.239,0
33.83549,-118.25972,10.2,26.248,-1
33.8354,-118.25964,11.1,26.261,0
33.83539,-118.25963,11.1,26.262,0
33.83492,-118.25916,10.9,26.33,0
33.834393,-118.25864,10.7,26.406,0
33.833867,-118.25812,10.5,26.482,0
33.83334,-118.2576,10.5,26.558,0
33.83292,-118.25721,10.6,26.617,0
33.83251,-118.25681,10.8,26.675,0
33.83246,-118.25677,10.9,26.682,0
33.83182,-118.25618,8.5,26.772,-1
33.83181,-118.25622,7.8,26.776,-3
33.8318,-118.25623,7.4,26.777,-3
33.83178,-118.25623,7,26.779,-4
33.83177,-118.25623,6.9,26.78,-4
33.83176,-118.25622,6.8,26.782,-4
33.83173,-118.2562,6.6,26.786,-4
33.8317,-118.25617,6.4,26.79,-4
33.83161,-118.2561,6.2,26.802,-4
33.83143,-118.25595,11.6,26.826,0
33.83137,-118.25589,11.6,26.835,0
33.83132,-118.25585,11.6,26.842,0
33.8311,-118.25567,11.7,26.871,0
33.83102,-118.25561,11.7,26.882,5
33.83096,-118.25557,11.6,26.889,5
33.8309,-118.25554,11.5,26.897,5
33.83086,-118.25552,11.5,26.901,5
33.83081,-118.25552,11.3,26.907,5
33.83076,-118.25552,11.1,26.913,4
33.83072,-118.25553,11,26.917,4
33.83071,-118.25553,11,26.918,4
33.83069,-118.25554,10.9,26.921,4
33.83064,-118.25555,10.9,26.926,-1
33.83062,-118.25557,10.7,26.929,-1
33.83058,-118.25559,10.7,26.934,-1
33.83055,-118.25562,10.6,26.938,-1
33.83052,-118.25565,10.5,26.943,-1
33.8305,-118.25569,10.3,26.947,-1
33.83048,-118.25572,10.2,26.951,-1
33.83046,-118.25576,10,26.955,-1
33.83044,-118.2558,9.9,26.959,-1
33.83043,-118.25585,9.6,26.964,-2
33.83043,-118.25589,9.4,26.968,-2
33.83042,-118.25593,9.3,26.972,-2
33.83042,-118.25597,9.2,26.975,-2
33.83043,-118.25603,8.9,26.981,-3
33.83044,-118.25608,8.8,26.986,-3
33.83045,-118.25613,8.8,26.99,-3
33.83047,-118.25617,8.6,26.995,-3
33.83048,-118.25621,8.7,26.999,-3
33.8305,-118.25625,8.6,27.003,-3
33.83056,-118.25632,8.1,27.012,-3
33.83062,-118.25638,7.9,27.021,-3
33.83065,-118.25642,7.9,27.026,-3
33.8307,-118.25645,7.8,27.032,-3
33.83075,-118.25647,7.5,27.038,-3
33.8308,-118.25648,7.3,27.044,-3
33.83086,-118.25649,7.1,27.05,-3
33.83092,-118.2565,7,27.057,-3
33.83133,-118.25653,5.5,27.103,-3
33.83136,-118.25653,5.4,27.106,-3
33.83139,-118.25654,5.4,27.11,-3
33.83143,-118.25652,5.3,27.114,-3
33.83148,-118.2565,5.2,27.12,-3
33.83151,-118.25648,5.2,27.124,-3
33.83152,-118.25646,5.1,27.126,-3
33.83155,-118.25642,5.1,27.131,-3
33.83158,-118.25637,5.1,27.137,-3
33.83161,-118.25631,5.2,27.143,-2
33.83161,-118.2561,6.2,27.163,-1
33.83161,-118.25601,8.4,27.171,1
33.83161,-118.25597,9.7,27.175,2
33.83162,-118.25571,8.6,27.199,1
33.83162,-118.25566,8,27.204,2
33.83162,-118.25555,7.1,27.214,2
33.83162,-118.25553,6.9,27.216,2
33.83162,-118.25545,5.4,27.223,0
33.83162,-118.25511,5.8,27.254,1
33.83161,-118.25497,6.2,27.267,0
33.83163,-118.25396,4,27.361,-2
33.83163,-118.25354,6.4,27.4,0
33.83164,-118.25324,6,27.427,0
33.83165,-118.25281,5.6,27.467,1
33.83165,-118.25222,5.6,27.522,-1
33.83165,-118.25163,5.7,27.576,0
33.83165,-118.25107,5.8,27.628,0
33.831655,-118.250235,6,27.705,0
33.83166,-118.2494,6.1,27.783,0
33.83166,-118.24846,6.3,27.869,0
33.831665,-118.24759,6.5,27.95,0
33.83167,-118.24672,6.5,28.03,0
33.83167,-118.24633,6.4,28.066,0
33.83167,-118.24549,6.4,28.144,0
33.83167,-118.24465,6.5,28.222,0
33.83167,-118.24411,6.6,28.272,0
33.83167,-118.24347,6.7,28.331,0
33.83167,-118.24308,6.8,28.367,0
33.83168,-118.24265,6.9,28.407,0
33.83168,-118.24225,7,28.444,0
33.83168,-118.24126,7.2,28.535,0
33.83168,-118.24088,7.2,28.57,0
33.83168,-118.24042,7.4,28.613,0
33.83168,-118.23959,7.7,28.69,0
33.83167,-118.23944,7.7,28.704,0
33.83178,-118.23941,7.7,28.716,0
33.83215,-118.23928,7.5,28.759,0
33.83265,-118.2391,7.6,28.817,0
33.83272,-118.23914,7.6,28.826,0
33.83282,-118.2391,7.6,28.838,0
33.83349,-118.23884,7.7,28.916,0
33.83416,-118.23858,7.8,28.994,0
33.83421,-118.23849,7.7,29.004,0
33.83461,-118.23835,7.7,29.051,0
33.83546,-118.23803,7.8,29.15,0
33.83611,-118.23779,8,29.225,0
33.83676,-118.23755,8,29.301,0
33.83719,-118.23738,8.1,29.352,0
33.83719,-118.236567,8,29.427,0
33.83719,-118.235753,7.9,29.502,0
33.83719,-118.23494,7.9,29.577,0
